create table `points`
(
    `balance`       bigint not null,
    `point_id`      bigint auto_increment primary key,
    `update_millis` bigint not null,
    `user_id`       bigint not null,
    `version`       bigint not null
);

INSERT INTO `points` (`point_id`,`user_id`,`balance`,`update_millis`,`version`)
VALUES
  (1,1,1253500,0,0),
  (2,2,4524100,0,0),
  (3,3,8938400,0,0),
  (4,4,3380200,0,0),
  (5,5,2361400,0,0),
  (6,6,3594500,0,0),
  (7,7,3886700,0,0),
  (8,8,7729200,0,0),
  (9,9,3322700,0,0),
  (10,10,1684100,0,0);

create table `coupon_events`
(
    `current_count`   int     not null,
    `max_count`       int     not null,
    `type`            tinyint not null,
    `coupon_event_id` bigint auto_increment primary key,
    `expiry_millis`   bigint  not null,
    `value`           bigint  not null,
    check (`type` between 0 and 1)
);

INSERT INTO `coupon_events` (`coupon_event_id`,`max_count`,`expiry_millis`,`value`,`type`,`current_count`)
VALUES
    (1,82166,1946145464734,281,1,10),
    (2,58462,1946145464734,926,1,7),
    (3,52739,1946145464734,431,1,8),
    (4,1659,1946145464734,263,1,2),
    (5,70938,1946145464734,120,1,5),
    (6,23364,1946145464734,567,1,4),
    (7,9849,1946145464734,394,0,0),
    (8,93659,1946145464734,937,1,1),
    (9,2386,1946145464734,994,1,1),
    (10,13873,1946145464734,694,0,0);

create table `stocks`
(
    `quantity`   int    not null,
    `version`    int    not null,
    `product_id` bigint not null,
    `stock_id`   bigint auto_increment primary key
);

INSERT INTO `stocks` (`stock_id`,`product_id`,`quantity`,`version`)
VALUES
    (1,1,296,0),
    (2,2,902,0),
    (3,3,570,0),
    (4,4,863,0),
    (5,5,434,0),
    (6,6,724,0),
    (7,7,281,0),
    (8,8,283,0),
    (9,9,444,0),
    (10,10,754,0);

create table `products`
(
    `price`      bigint       not null,
    `product_id` bigint auto_increment primary key,
    `name`       varchar(255) not null
);

INSERT INTO `products` (`product_id`,`name`,`price`)
VALUES
    (1,"Zeph Boyer",10000),
    (2,"Zenia Garza",9000),
    (3,"Igor Bond",8000),
    (4,"Kennan Nash",7000),
    (5,"Minerva Woodard",6000),
    (6,"Iona Knapp",5000),
    (7,"Matthew Mullins",4000),
    (8,"Erasmus Hampton",3000),
    (9,"Nissim Santos",2000),
    (10,"Brenden Lott",1000);

create table `orders`
(
    `quantity`       int    not null,
    `create_millis`  bigint not null,
    `order_id`       bigint auto_increment primary key,
    `payment_amount` bigint not null,
    `product_id`     bigint not null,
    `total_amount`   bigint not null,
    `user_id`        bigint not null
);

INSERT INTO `orders` (`quantity`, `create_millis`, `payment_amount`, `product_id`, `total_amount`, `user_id`)
VALUES
    (1, 1746547366020, 6000, 5, 6000, 656),
    (3, 1746543455020, 27000, 2, 27000, 83),
    (1, 1746668153020, 3000, 8, 3000, 111),
    (5, 1746618260020, 25000, 6, 25000, 421),
    (3, 1746547451020, 27000, 2, 27000, 126),
    (3, 1746596335020, 3000, 10, 3000, 303),
    (5, 1746541960020, 50000, 1, 50000, 179),
    (1, 1746475511020, 4000, 7, 4000, 670),
    (3, 1746621155020, 27000, 2, 27000, 302),
    (2, 1746659417020, 14000, 4, 14000, 245),
    (4, 1746626636020, 36000, 2, 36000, 123),
    (3, 1746546551020, 30000, 1, 30000, 252),
    (2, 1746550463020, 16000, 3, 16000, 743),
    (4, 1746581606020, 32000, 3, 32000, 345),
    (2, 1746693109020, 4000, 9, 4000, 214),
    (4, 1746637771020, 8000, 9, 8000, 64),
    (4, 1746530398020, 16000, 7, 16000, 559),
    (2, 1746563296020, 16000, 3, 16000, 791),
    (1, 1746637347020, 6000, 5, 6000, 961),
    (2, 1746459615020, 8000, 7, 8000, 851),
    (5, 1746562278020, 15000, 8, 15000, 393),
    (5, 1746577174020, 40000, 3, 40000, 314),
    (5, 1746694800020, 50000, 1, 50000, 520),
    (2, 1746638490020, 20000, 1, 20000, 739),
    (1, 1746534755020, 2000, 9, 2000, 987),
    (1, 1746668427020, 10000, 1, 10000, 479),
    (3, 1746467063020, 6000, 9, 6000, 17),
    (5, 1746662713020, 20000, 7, 20000, 827),
    (5, 1746463565020, 45000, 2, 45000, 961),
    (2, 1746449583020, 8000, 7, 8000, 814),
    (1, 1746558714020, 10000, 1, 10000, 222),
    (3, 1746576730020, 3000, 10, 3000, 5),
    (5, 1746580249020, 40000, 3, 40000, 293),
    (2, 1746580032020, 6000, 8, 6000, 248),
    (2, 1746505076020, 20000, 1, 20000, 780),
    (3, 1746673731020, 15000, 6, 15000, 556),
    (2, 1746493334020, 10000, 6, 10000, 157),
    (5, 1746610845020, 10000, 9, 10000, 788),
    (2, 1746654140020, 12000, 5, 12000, 865),
    (5, 1746552420020, 45000, 2, 45000, 336),
    (4, 1746580819020, 40000, 1, 40000, 400),
    (2, 1746642554020, 8000, 7, 8000, 387),
    (2, 1746516734020, 8000, 7, 8000, 39),
    (4, 1746634056020, 36000, 2, 36000, 454),
    (1, 1746508784020, 1000, 10, 1000, 58),
    (1, 1746575591020, 1000, 10, 1000, 994),
    (3, 1746597812020, 3000, 10, 3000, 405),
    (4, 1746575722020, 20000, 6, 20000, 528),
    (3, 1746627486020, 30000, 1, 30000, 307),
    (2, 1746536567020, 4000, 9, 4000, 316),
    (4, 1746587916020, 12000, 8, 12000, 760),
    (3, 1746482496020, 6000, 9, 6000, 679),
    (1, 1746684036020, 5000, 6, 5000, 141),
    (2, 1746502328020, 14000, 4, 14000, 35),
    (4, 1746557013020, 28000, 4, 28000, 58),
    (1, 1746664860020, 8000, 3, 8000, 336),
    (2, 1746699985020, 8000, 7, 8000, 552),
    (2, 1746636585020, 2000, 10, 2000, 152),
    (2, 1746699833020, 18000, 2, 18000, 475),
    (5, 1746617340020, 50000, 1, 50000, 114),
    (2, 1746512033020, 6000, 8, 6000, 882),
    (3, 1746638547020, 6000, 9, 6000, 551),
    (2, 1746678623020, 14000, 4, 14000, 353),
    (3, 1746468691020, 21000, 4, 21000, 547),
    (5, 1746536243020, 15000, 8, 15000, 331),
    (1, 1746471625020, 3000, 8, 3000, 583),
    (4, 1746593512020, 4000, 10, 4000, 879),
    (1, 1746454893020, 6000, 5, 6000, 767),
    (2, 1746578926020, 20000, 1, 20000, 626),
    (4, 1746529649020, 8000, 9, 8000, 334),
    (5, 1746543626020, 30000, 5, 30000, 489),
    (2, 1746628394020, 12000, 5, 12000, 135),
    (5, 1746521679020, 10000, 9, 10000, 316),
    (2, 1746540884020, 2000, 10, 2000, 998),
    (5, 1746583006020, 45000, 2, 45000, 912),
    (5, 1746657953020, 15000, 8, 15000, 965),
    (5, 1746633666020, 30000, 5, 30000, 499),
    (5, 1746506207020, 25000, 6, 25000, 540),
    (4, 1746466531020, 4000, 10, 4000, 216),
    (2, 1746515627020, 2000, 10, 2000, 574),
    (3, 1746627755020, 9000, 8, 9000, 214),
    (4, 1746491222020, 12000, 8, 12000, 851),
    (3, 1746698082020, 18000, 5, 18000, 905),
    (5, 1746555588020, 50000, 1, 50000, 492),
    (1, 1746478413020, 8000, 3, 8000, 53),
    (5, 1746587372020, 30000, 5, 30000, 734),
    (4, 1746638795020, 4000, 10, 4000, 780),
    (4, 1746615677020, 32000, 3, 32000, 509),
    (5, 1746462542020, 50000, 1, 50000, 506),
    (4, 1746452566020, 20000, 6, 20000, 132),
    (2, 1746660685020, 16000, 3, 16000, 343),
    (2, 1746603337020, 8000, 7, 8000, 925),
    (3, 1746675262020, 12000, 7, 12000, 365),
    (4, 1746616086020, 8000, 9, 8000, 508),
    (1, 1746613155020, 6000, 5, 6000, 527),
    (5, 1746625367020, 20000, 7, 20000, 285),
    (3, 1746704702020, 9000, 8, 9000, 585),
    (1, 1746540522020, 6000, 5, 6000, 110),
    (2, 1746464986020, 2000, 10, 2000, 103),
    (3, 1746670158020, 27000, 2, 27000, 641),
    (5, 1746639991020, 5000, 10, 5000, 645),
    (1, 1746627449020, 7000, 4, 7000, 951),
    (3, 1746485356020, 27000, 2, 27000, 41),
    (4, 1746506302020, 8000, 9, 8000, 631),
    (4, 1746501899020, 20000, 6, 20000, 565),
    (3, 1746635357020, 18000, 5, 18000, 414),
    (1, 1746485526020, 2000, 9, 2000, 410),
    (2, 1746700686020, 18000, 2, 18000, 125),
    (3, 1746451471020, 6000, 9, 6000, 581),
    (3, 1746640412020, 27000, 2, 27000, 130),
    (4, 1746677855020, 12000, 8, 12000, 131),
    (3, 1746518631020, 24000, 3, 24000, 803),
    (3, 1746486634020, 30000, 1, 30000, 535),
    (2, 1746608432020, 12000, 5, 12000, 518),
    (4, 1746556757020, 8000, 9, 8000, 86),
    (3, 1746669789020, 6000, 9, 6000, 211),
    (5, 1746497039020, 30000, 5, 30000, 200),
    (5, 1746576046020, 20000, 7, 20000, 816),
    (5, 1746461808020, 35000, 4, 35000, 543),
    (4, 1746638581020, 8000, 9, 8000, 750),
    (4, 1746677839020, 24000, 5, 24000, 665),
    (3, 1746581037020, 27000, 2, 27000, 807),
    (3, 1746644391020, 21000, 4, 21000, 127),
    (1, 1746503204020, 4000, 7, 4000, 97),
    (5, 1746623053020, 40000, 3, 40000, 966),
    (2, 1746617207020, 2000, 10, 2000, 853),
    (4, 1746589198020, 16000, 7, 16000, 95),
    (1, 1746707462020, 6000, 5, 6000, 883),
    (3, 1746632956020, 3000, 10, 3000, 717),
    (5, 1746602281020, 30000, 5, 30000, 213),
    (4, 1746606941020, 12000, 8, 12000, 833),
    (5, 1746609421020, 20000, 7, 20000, 913),
    (1, 1746514404020, 10000, 1, 10000, 151),
    (4, 1746567143020, 20000, 6, 20000, 492),
    (5, 1746482795020, 35000, 4, 35000, 815),
    (1, 1746524379020, 1000, 10, 1000, 850),
    (4, 1746598390020, 36000, 2, 36000, 313),
    (5, 1746613151020, 35000, 4, 35000, 721),
    (4, 1746648032020, 8000, 9, 8000, 276),
    (1, 1746472723020, 6000, 5, 6000, 376),
    (4, 1746646330020, 12000, 8, 12000, 943),
    (4, 1746497551020, 12000, 8, 12000, 805),
    (1, 1746690681020, 3000, 8, 3000, 987),
    (3, 1746539048020, 21000, 4, 21000, 475),
    (1, 1746651261020, 8000, 3, 8000, 795),
    (1, 1746703500020, 2000, 9, 2000, 88),
    (5, 1746458285020, 5000, 10, 5000, 120),
    (5, 1746672407020, 20000, 7, 20000, 267),
    (2, 1746648061020, 18000, 2, 18000, 194),
    (2, 1746524151020, 6000, 8, 6000, 545),
    (5, 1746615422020, 20000, 7, 20000, 253),
    (2, 1746652409020, 12000, 5, 12000, 236),
    (5, 1746578597020, 35000, 4, 35000, 439),
    (4, 1746692929020, 20000, 6, 20000, 324),
    (2, 1746552995020, 20000, 1, 20000, 9),
    (5, 1746643409020, 15000, 8, 15000, 499),
    (5, 1746632130020, 10000, 9, 10000, 297),
    (5, 1746669898020, 40000, 3, 40000, 459),
    (2, 1746529255020, 18000, 2, 18000, 184),
    (2, 1746544639020, 6000, 8, 6000, 844),
    (3, 1746690898020, 3000, 10, 3000, 541),
    (1, 1746507859020, 4000, 7, 4000, 99),
    (2, 1746624992020, 20000, 1, 20000, 324),
    (3, 1746499260020, 3000, 10, 3000, 883),
    (1, 1746470153020, 9000, 2, 9000, 386),
    (3, 1746639758020, 18000, 5, 18000, 259),
    (5, 1746546926020, 50000, 1, 50000, 588),
    (5, 1746545229020, 50000, 1, 50000, 560),
    (3, 1746482382020, 12000, 7, 12000, 196),
    (3, 1746462190020, 6000, 9, 6000, 464),
    (2, 1746661409020, 20000, 1, 20000, 12),
    (2, 1746649149020, 14000, 4, 14000, 339),
    (2, 1746608800020, 4000, 9, 4000, 96),
    (1, 1746591955020, 6000, 5, 6000, 970),
    (4, 1746624974020, 24000, 5, 24000, 105),
    (5, 1746540174020, 45000, 2, 45000, 427),
    (3, 1746637346020, 30000, 1, 30000, 727),
    (4, 1746449605020, 24000, 5, 24000, 842),
    (4, 1746644911020, 40000, 1, 40000, 989),
    (2, 1746605415020, 4000, 9, 4000, 210),
    (3, 1746482166020, 6000, 9, 6000, 585),
    (5, 1746615194020, 10000, 9, 10000, 926),
    (2, 1746688865020, 8000, 7, 8000, 19),
    (5, 1746539503020, 5000, 10, 5000, 384),
    (4, 1746477948020, 4000, 10, 4000, 90),
    (1, 1746646541020, 4000, 7, 4000, 776),
    (4, 1746683844020, 4000, 10, 4000, 179),
    (3, 1746644080020, 24000, 3, 24000, 190),
    (4, 1746595483020, 4000, 10, 4000, 225),
    (2, 1746478528020, 20000, 1, 20000, 530),
    (1, 1746472461020, 9000, 2, 9000, 233),
    (1, 1746684655020, 7000, 4, 7000, 684),
    (5, 1746467153020, 25000, 6, 25000, 501),
    (4, 1746475777020, 40000, 1, 40000, 25),
    (2, 1746484296020, 10000, 6, 10000, 629),
    (4, 1746521296020, 8000, 9, 8000, 789),
    (5, 1746623904020, 45000, 2, 45000, 494),
    (5, 1746590402020, 15000, 8, 15000, 578),
    (3, 1746582418020, 3000, 10, 3000, 686),
    (2, 1746597956020, 8000, 7, 8000, 636),
    (1, 1746570367020, 9000, 2, 9000, 515),
    (4, 1746513930020, 32000, 3, 32000, 294),
    (3, 1746645939020, 6000, 9, 6000, 941),
    (2, 1746649172020, 6000, 8, 6000, 108),
    (4, 1746463324020, 32000, 3, 32000, 455),
    (3, 1746564875020, 9000, 8, 9000, 977),
    (2, 1746681884020, 14000, 4, 14000, 82),
    (2, 1746695946020, 10000, 6, 10000, 653),
    (4, 1746642436020, 40000, 1, 40000, 45),
    (3, 1746532154020, 27000, 2, 27000, 714),
    (1, 1746508733020, 8000, 3, 8000, 220),
    (5, 1746690501020, 20000, 7, 20000, 919),
    (1, 1746686278020, 1000, 10, 1000, 201),
    (3, 1746605419020, 6000, 9, 6000, 182),
    (5, 1746556240020, 25000, 6, 25000, 582),
    (5, 1746537887020, 10000, 9, 10000, 596),
    (4, 1746668070020, 32000, 3, 32000, 612),
    (5, 1746600011020, 45000, 2, 45000, 894),
    (2, 1746543095020, 12000, 5, 12000, 575),
    (4, 1746665192020, 8000, 9, 8000, 320),
    (3, 1746641370020, 9000, 8, 9000, 714),
    (1, 1746707675020, 5000, 6, 5000, 324),
    (3, 1746615254020, 21000, 4, 21000, 224),
    (4, 1746590273020, 20000, 6, 20000, 392),
    (1, 1746535040020, 6000, 5, 6000, 489),
    (5, 1746594594020, 30000, 5, 30000, 722),
    (5, 1746556150020, 35000, 4, 35000, 44),
    (3, 1746631284020, 6000, 9, 6000, 122),
    (3, 1746451963020, 15000, 6, 15000, 555),
    (3, 1746702820020, 6000, 9, 6000, 467),
    (5, 1746689836020, 45000, 2, 45000, 512),
    (1, 1746702492020, 2000, 9, 2000, 177),
    (5, 1746475583020, 10000, 9, 10000, 806),
    (2, 1746507707020, 18000, 2, 18000, 219),
    (2, 1746503450020, 10000, 6, 10000, 241),
    (1, 1746603669020, 3000, 8, 3000, 767),
    (2, 1746590455020, 12000, 5, 12000, 186),
    (2, 1746595048020, 16000, 3, 16000, 492),
    (2, 1746697854020, 4000, 9, 4000, 794),
    (2, 1746561563020, 14000, 4, 14000, 602),
    (4, 1746528328020, 20000, 6, 20000, 955),
    (3, 1746596646020, 6000, 9, 6000, 992),
    (3, 1746537062020, 18000, 5, 18000, 561),
    (1, 1746581408020, 4000, 7, 4000, 159),
    (2, 1746491500020, 2000, 10, 2000, 433),
    (2, 1746598657020, 6000, 8, 6000, 953),
    (5, 1746638080020, 30000, 5, 30000, 737),
    (1, 1746671603020, 4000, 7, 4000, 911),
    (5, 1746644074020, 35000, 4, 35000, 454),
    (2, 1746662366020, 8000, 7, 8000, 748),
    (5, 1746688013020, 25000, 6, 25000, 599),
    (5, 1746637477020, 40000, 3, 40000, 709),
    (1, 1746514038020, 3000, 8, 3000, 532),
    (1, 1746650141020, 9000, 2, 9000, 580),
    (4, 1746543578020, 40000, 1, 40000, 550),
    (4, 1746623063020, 28000, 4, 28000, 783),
    (3, 1746480791020, 21000, 4, 21000, 13),
    (1, 1746555237020, 9000, 2, 9000, 553),
    (3, 1746549921020, 30000, 1, 30000, 789),
    (2, 1746605275020, 10000, 6, 10000, 196),
    (1, 1746547242020, 7000, 4, 7000, 132),
    (5, 1746636604020, 25000, 6, 25000, 571),
    (3, 1746489592020, 30000, 1, 30000, 924),
    (5, 1746653048020, 20000, 7, 20000, 20),
    (5, 1746542838020, 40000, 3, 40000, 979),
    (3, 1746522918020, 18000, 5, 18000, 262),
    (4, 1746492575020, 12000, 8, 12000, 349),
    (2, 1746645020020, 12000, 5, 12000, 879),
    (4, 1746478625020, 16000, 7, 16000, 11),
    (5, 1746531331020, 50000, 1, 50000, 268),
    (3, 1746637804020, 18000, 5, 18000, 603),
    (1, 1746557056020, 8000, 3, 8000, 432),
    (5, 1746583718020, 20000, 7, 20000, 693),
    (1, 1746506347020, 8000, 3, 8000, 472),
    (4, 1746660391020, 4000, 10, 4000, 989),
    (3, 1746579857020, 9000, 8, 9000, 206),
    (5, 1746527777020, 50000, 1, 50000, 403),
    (3, 1746624477020, 30000, 1, 30000, 994),
    (4, 1746588146020, 20000, 6, 20000, 338),
    (2, 1746644804020, 8000, 7, 8000, 70),
    (5, 1746665422020, 25000, 6, 25000, 917),
    (1, 1746706932020, 7000, 4, 7000, 67),
    (3, 1746607595020, 24000, 3, 24000, 571),
    (5, 1746547758020, 40000, 3, 40000, 295),
    (5, 1746487251020, 30000, 5, 30000, 505),
    (3, 1746478224020, 12000, 7, 12000, 200),
    (3, 1746511886020, 21000, 4, 21000, 101),
    (2, 1746649400020, 10000, 6, 10000, 635),
    (2, 1746546720020, 14000, 4, 14000, 970),
    (4, 1746591539020, 28000, 4, 28000, 411),
    (1, 1746491249020, 5000, 6, 5000, 514),
    (5, 1746580852020, 35000, 4, 35000, 745),
    (5, 1746572069020, 45000, 2, 45000, 285),
    (2, 1746633135020, 8000, 7, 8000, 520),
    (1, 1746559275020, 2000, 9, 2000, 780),
    (1, 1746665304020, 10000, 1, 10000, 810),
    (3, 1746636516020, 12000, 7, 12000, 771),
    (1, 1746636584020, 3000, 8, 3000, 999),
    (5, 1746570397020, 40000, 3, 40000, 388),
    (4, 1746638905020, 16000, 7, 16000, 840),
    (5, 1746465540020, 35000, 4, 35000, 397),
    (2, 1746626046020, 12000, 5, 12000, 303),
    (2, 1746646570020, 2000, 10, 2000, 521),
    (3, 1746632898020, 6000, 9, 6000, 743),
    (1, 1746679029020, 3000, 8, 3000, 343),
    (3, 1746691125020, 6000, 9, 6000, 992),
    (5, 1746524265020, 20000, 7, 20000, 575),
    (2, 1746495489020, 20000, 1, 20000, 915),
    (3, 1746553051020, 6000, 9, 6000, 525),
    (3, 1746620991020, 30000, 1, 30000, 372),
    (3, 1746634925020, 15000, 6, 15000, 498),
    (1, 1746596128020, 2000, 9, 2000, 343),
    (4, 1746561414020, 32000, 3, 32000, 227),
    (3, 1746585994020, 21000, 4, 21000, 575),
    (3, 1746467107020, 3000, 10, 3000, 727),
    (2, 1746602680020, 14000, 4, 14000, 501),
    (3, 1746621440020, 21000, 4, 21000, 512),
    (1, 1746510164020, 9000, 2, 9000, 106),
    (3, 1746601770020, 3000, 10, 3000, 971),
    (3, 1746626912020, 27000, 2, 27000, 676),
    (5, 1746701594020, 40000, 3, 40000, 288),
    (3, 1746652693020, 9000, 8, 9000, 769),
    (4, 1746689691020, 24000, 5, 24000, 120),
    (4, 1746624221020, 12000, 8, 12000, 350),
    (4, 1746531346020, 28000, 4, 28000, 283),
    (1, 1746650846020, 8000, 3, 8000, 808),
    (4, 1746523835020, 12000, 8, 12000, 533),
    (5, 1746529366020, 45000, 2, 45000, 748),
    (4, 1746475493020, 24000, 5, 24000, 22),
    (4, 1746459696020, 20000, 6, 20000, 739),
    (3, 1746498633020, 3000, 10, 3000, 613),
    (2, 1746551631020, 16000, 3, 16000, 248),
    (5, 1746702939020, 15000, 8, 15000, 373),
    (5, 1746641850020, 15000, 8, 15000, 566),
    (2, 1746541871020, 14000, 4, 14000, 7),
    (3, 1746483454020, 3000, 10, 3000, 566),
    (1, 1746621306020, 8000, 3, 8000, 683),
    (3, 1746553405020, 3000, 10, 3000, 454),
    (4, 1746648441020, 16000, 7, 16000, 30),
    (2, 1746589602020, 18000, 2, 18000, 977),
    (1, 1746469936020, 10000, 1, 10000, 197),
    (1, 1746522237020, 3000, 8, 3000, 722),
    (3, 1746640594020, 6000, 9, 6000, 278),
    (4, 1746478084020, 40000, 1, 40000, 201),
    (2, 1746697257020, 12000, 5, 12000, 670),
    (2, 1746506243020, 14000, 4, 14000, 258),
    (2, 1746558295020, 12000, 5, 12000, 85),
    (1, 1746539168020, 1000, 10, 1000, 792),
    (4, 1746464141020, 24000, 5, 24000, 778),
    (5, 1746622658020, 25000, 6, 25000, 816),
    (5, 1746527349020, 40000, 3, 40000, 414),
    (2, 1746464842020, 12000, 5, 12000, 746),
    (1, 1746505943020, 6000, 5, 6000, 957),
    (3, 1746472822020, 18000, 5, 18000, 385),
    (1, 1746664462020, 10000, 1, 10000, 165),
    (2, 1746582118020, 6000, 8, 6000, 792),
    (1, 1746648860020, 1000, 10, 1000, 880),
    (3, 1746623441020, 9000, 8, 9000, 631),
    (1, 1746510867020, 3000, 8, 3000, 360),
    (4, 1746656385020, 4000, 10, 4000, 439),
    (1, 1746479761020, 10000, 1, 10000, 282),
    (5, 1746458097020, 45000, 2, 45000, 374),
    (1, 1746486075020, 1000, 10, 1000, 906),
    (1, 1746575792020, 4000, 7, 4000, 927),
    (2, 1746619302020, 12000, 5, 12000, 493),
    (3, 1746688954020, 18000, 5, 18000, 69),
    (4, 1746461328020, 4000, 10, 4000, 364),
    (3, 1746480672020, 18000, 5, 18000, 599),
    (4, 1746686809020, 36000, 2, 36000, 602),
    (5, 1746576099020, 20000, 7, 20000, 254),
    (1, 1746551087020, 7000, 4, 7000, 593),
    (3, 1746563367020, 27000, 2, 27000, 700),
    (4, 1746531153020, 36000, 2, 36000, 999),
    (5, 1746461674020, 40000, 3, 40000, 824),
    (3, 1746491568020, 3000, 10, 3000, 911),
    (3, 1746536946020, 30000, 1, 30000, 980),
    (1, 1746460030020, 3000, 8, 3000, 37),
    (4, 1746622304020, 32000, 3, 32000, 658),
    (5, 1746567701020, 5000, 10, 5000, 700),
    (4, 1746485884020, 24000, 5, 24000, 161),
    (4, 1746548643020, 4000, 10, 4000, 757),
    (1, 1746623486020, 6000, 5, 6000, 861),
    (4, 1746600525020, 28000, 4, 28000, 732),
    (1, 1746704181020, 9000, 2, 9000, 135),
    (3, 1746640351020, 12000, 7, 12000, 115),
    (2, 1746543116020, 4000, 9, 4000, 379),
    (3, 1746457797020, 30000, 1, 30000, 735),
    (3, 1746653870020, 15000, 6, 15000, 489),
    (2, 1746669276020, 6000, 8, 6000, 632),
    (5, 1746576376020, 25000, 6, 25000, 178),
    (5, 1746651525020, 35000, 4, 35000, 689),
    (3, 1746564164020, 3000, 10, 3000, 997),
    (4, 1746506840020, 8000, 9, 8000, 926),
    (4, 1746679543020, 36000, 2, 36000, 481),
    (4, 1746451098020, 12000, 8, 12000, 404),
    (5, 1746636167020, 10000, 9, 10000, 579),
    (3, 1746582217020, 6000, 9, 6000, 499),
    (2, 1746613256020, 6000, 8, 6000, 526),
    (1, 1746456157020, 10000, 1, 10000, 847),
    (3, 1746559776020, 30000, 1, 30000, 800),
    (3, 1746565149020, 18000, 5, 18000, 680),
    (5, 1746560878020, 25000, 6, 25000, 136),
    (5, 1746460315020, 30000, 5, 30000, 396),
    (2, 1746624381020, 10000, 6, 10000, 97),
    (3, 1746594008020, 3000, 10, 3000, 132),
    (4, 1746646679020, 12000, 8, 12000, 438),
    (4, 1746524268020, 36000, 2, 36000, 13),
    (1, 1746679687020, 1000, 10, 1000, 130),
    (4, 1746624273020, 24000, 5, 24000, 319),
    (4, 1746554025020, 12000, 8, 12000, 927),
    (2, 1746670350020, 12000, 5, 12000, 429),
    (5, 1746607794020, 15000, 8, 15000, 7),
    (2, 1746460762020, 6000, 8, 6000, 670),
    (2, 1746543108020, 20000, 1, 20000, 296),
    (5, 1746498141020, 45000, 2, 45000, 119),
    (2, 1746658189020, 20000, 1, 20000, 960),
    (1, 1746693949020, 4000, 7, 4000, 140),
    (5, 1746525283020, 5000, 10, 5000, 402),
    (4, 1746498213020, 12000, 8, 12000, 91),
    (5, 1746640216020, 15000, 8, 15000, 895),
    (5, 1746494357020, 15000, 8, 15000, 952),
    (3, 1746586282020, 3000, 10, 3000, 265),
    (4, 1746499654020, 20000, 6, 20000, 589),
    (2, 1746497301020, 8000, 7, 8000, 118),
    (3, 1746632634020, 30000, 1, 30000, 916),
    (3, 1746613751020, 12000, 7, 12000, 839),
    (4, 1746685298020, 36000, 2, 36000, 891),
    (1, 1746633334020, 1000, 10, 1000, 793),
    (4, 1746535448020, 12000, 8, 12000, 459),
    (2, 1746490341020, 2000, 10, 2000, 496),
    (3, 1746650903020, 3000, 10, 3000, 184),
    (3, 1746561427020, 15000, 6, 15000, 536),
    (3, 1746577040020, 27000, 2, 27000, 744),
    (2, 1746686034020, 8000, 7, 8000, 991),
    (4, 1746451496020, 36000, 2, 36000, 613),
    (1, 1746556679020, 2000, 9, 2000, 489),
    (3, 1746687015020, 3000, 10, 3000, 354),
    (5, 1746497888020, 40000, 3, 40000, 135),
    (3, 1746635268020, 21000, 4, 21000, 135),
    (2, 1746564890020, 16000, 3, 16000, 598),
    (3, 1746468926020, 3000, 10, 3000, 524),
    (1, 1746697702020, 10000, 1, 10000, 547),
    (5, 1746553248020, 10000, 9, 10000, 372),
    (4, 1746462573020, 40000, 1, 40000, 324),
    (1, 1746653942020, 5000, 6, 5000, 513),
    (2, 1746515938020, 18000, 2, 18000, 393),
    (4, 1746492742020, 40000, 1, 40000, 734),
    (4, 1746664805020, 16000, 7, 16000, 974),
    (5, 1746543297020, 20000, 7, 20000, 912),
    (2, 1746704722020, 14000, 4, 14000, 9),
    (5, 1746521876020, 5000, 10, 5000, 174),
    (4, 1746487030020, 8000, 9, 8000, 841),
    (5, 1746626776020, 40000, 3, 40000, 138),
    (3, 1746658433020, 6000, 9, 6000, 739),
    (1, 1746543697020, 5000, 6, 5000, 302),
    (5, 1746520525020, 25000, 6, 25000, 228),
    (2, 1746632093020, 20000, 1, 20000, 878),
    (4, 1746478439020, 24000, 5, 24000, 412),
    (1, 1746630670020, 7000, 4, 7000, 909),
    (4, 1746616585020, 32000, 3, 32000, 511),
    (2, 1746601971020, 16000, 3, 16000, 825),
    (2, 1746623037020, 14000, 4, 14000, 269),
    (5, 1746639790020, 50000, 1, 50000, 154),
    (4, 1746487569020, 16000, 7, 16000, 909),
    (5, 1746640012020, 35000, 4, 35000, 188),
    (5, 1746524592020, 25000, 6, 25000, 934),
    (4, 1746548094020, 40000, 1, 40000, 704),
    (1, 1746576607020, 7000, 4, 7000, 6),
    (4, 1746592190020, 8000, 9, 8000, 915),
    (1, 1746552287020, 3000, 8, 3000, 414),
    (5, 1746653689020, 40000, 3, 40000, 334),
    (5, 1746624527020, 50000, 1, 50000, 685),
    (2, 1746484505020, 18000, 2, 18000, 824),
    (3, 1746495512020, 24000, 3, 24000, 436),
    (3, 1746626089020, 18000, 5, 18000, 965),
    (3, 1746637255020, 3000, 10, 3000, 924),
    (3, 1746515974020, 24000, 3, 24000, 678),
    (4, 1746539975020, 20000, 6, 20000, 173),
    (1, 1746556402020, 9000, 2, 9000, 111),
    (1, 1746567311020, 4000, 7, 4000, 613),
    (2, 1746684314020, 12000, 5, 12000, 36),
    (5, 1746531971020, 50000, 1, 50000, 830),
    (1, 1746690888020, 7000, 4, 7000, 35),
    (1, 1746661875020, 10000, 1, 10000, 61),
    (3, 1746463596020, 9000, 8, 9000, 588),
    (1, 1746697811020, 6000, 5, 6000, 339),
    (3, 1746643596020, 24000, 3, 24000, 293),
    (1, 1746587290020, 9000, 2, 9000, 16),
    (5, 1746649176020, 5000, 10, 5000, 289),
    (1, 1746478909020, 7000, 4, 7000, 90),
    (3, 1746634544020, 18000, 5, 18000, 881),
    (1, 1746587642020, 1000, 10, 1000, 802),
    (3, 1746564405020, 18000, 5, 18000, 103),
    (3, 1746702216020, 15000, 6, 15000, 560),
    (4, 1746527055020, 16000, 7, 16000, 739),
    (3, 1746652429020, 9000, 8, 9000, 48),
    (4, 1746604306020, 12000, 8, 12000, 47),
    (4, 1746517143020, 28000, 4, 28000, 619),
    (2, 1746449484020, 10000, 6, 10000, 144),
    (1, 1746657075020, 9000, 2, 9000, 64),
    (2, 1746469450020, 2000, 10, 2000, 579),
    (4, 1746611244020, 40000, 1, 40000, 96),
    (5, 1746485317020, 30000, 5, 30000, 77),
    (3, 1746687481020, 24000, 3, 24000, 713),
    (3, 1746619271020, 24000, 3, 24000, 34),
    (2, 1746467402020, 14000, 4, 14000, 442),
    (1, 1746689979020, 4000, 7, 4000, 892),
    (4, 1746578203020, 32000, 3, 32000, 103),
    (1, 1746558441020, 8000, 3, 8000, 783),
    (1, 1746562689020, 3000, 8, 3000, 866),
    (1, 1746487180020, 1000, 10, 1000, 145),
    (2, 1746647842020, 2000, 10, 2000, 250),
    (2, 1746506536020, 20000, 1, 20000, 538),
    (2, 1746541893020, 2000, 10, 2000, 375),
    (5, 1746685441020, 40000, 3, 40000, 616),
    (4, 1746462686020, 8000, 9, 8000, 941),
    (3, 1746547519020, 30000, 1, 30000, 992),
    (4, 1746542442020, 28000, 4, 28000, 330),
    (3, 1746506000020, 24000, 3, 24000, 646),
    (1, 1746664239020, 8000, 3, 8000, 759),
    (5, 1746649811020, 30000, 5, 30000, 751),
    (4, 1746677454020, 28000, 4, 28000, 236),
    (1, 1746587758020, 4000, 7, 4000, 348),
    (4, 1746450582020, 12000, 8, 12000, 494),
    (5, 1746682183020, 15000, 8, 15000, 338),
    (2, 1746540007020, 12000, 5, 12000, 96),
    (1, 1746667674020, 7000, 4, 7000, 514),
    (1, 1746613224020, 1000, 10, 1000, 496),
    (2, 1746528825020, 6000, 8, 6000, 589),
    (3, 1746556389020, 6000, 9, 6000, 138),
    (3, 1746592397020, 30000, 1, 30000, 5),
    (4, 1746701610020, 20000, 6, 20000, 227),
    (5, 1746516161020, 25000, 6, 25000, 23),
    (2, 1746700342020, 12000, 5, 12000, 775),
    (2, 1746464160020, 16000, 3, 16000, 153),
    (2, 1746559532020, 16000, 3, 16000, 931),
    (5, 1746594024020, 25000, 6, 25000, 239),
    (5, 1746699486020, 35000, 4, 35000, 525),
    (2, 1746511785020, 14000, 4, 14000, 694),
    (2, 1746520685020, 20000, 1, 20000, 914),
    (2, 1746641356020, 20000, 1, 20000, 296),
    (2, 1746557545020, 18000, 2, 18000, 47),
    (3, 1746489967020, 15000, 6, 15000, 37),
    (1, 1746667921020, 3000, 8, 3000, 755),
    (5, 1746547376020, 10000, 9, 10000, 162),
    (4, 1746559607020, 20000, 6, 20000, 442),
    (2, 1746629016020, 16000, 3, 16000, 970),
    (5, 1746585025020, 45000, 2, 45000, 662),
    (2, 1746613592020, 18000, 2, 18000, 543),
    (3, 1746550311020, 12000, 7, 12000, 829),
    (3, 1746638931020, 15000, 6, 15000, 947),
    (2, 1746481929020, 10000, 6, 10000, 247),
    (2, 1746471684020, 6000, 8, 6000, 24),
    (5, 1746477831020, 40000, 3, 40000, 671),
    (4, 1746501956020, 24000, 5, 24000, 163),
    (3, 1746675388020, 12000, 7, 12000, 623),
    (1, 1746696203020, 3000, 8, 3000, 973),
    (2, 1746560915020, 16000, 3, 16000, 776),
    (4, 1746603547020, 24000, 5, 24000, 322),
    (4, 1746558782020, 16000, 7, 16000, 761),
    (5, 1746467426020, 20000, 7, 20000, 74),
    (3, 1746648431020, 6000, 9, 6000, 875),
    (1, 1746613272020, 3000, 8, 3000, 178),
    (2, 1746678552020, 16000, 3, 16000, 263),
    (2, 1746637082020, 12000, 5, 12000, 721),
    (5, 1746554534020, 50000, 1, 50000, 90),
    (4, 1746555471020, 24000, 5, 24000, 534),
    (4, 1746523254020, 16000, 7, 16000, 143),
    (4, 1746539040020, 28000, 4, 28000, 332),
    (5, 1746513720020, 20000, 7, 20000, 574),
    (2, 1746652651020, 8000, 7, 8000, 226),
    (2, 1746489971020, 8000, 7, 8000, 896),
    (3, 1746611310020, 15000, 6, 15000, 240),
    (2, 1746574623020, 4000, 9, 4000, 463),
    (3, 1746461047020, 6000, 9, 6000, 881),
    (4, 1746501451020, 16000, 7, 16000, 907),
    (1, 1746563585020, 1000, 10, 1000, 298),
    (5, 1746700057020, 50000, 1, 50000, 753),
    (4, 1746529084020, 40000, 1, 40000, 26),
    (4, 1746589336020, 8000, 9, 8000, 875),
    (1, 1746473594020, 7000, 4, 7000, 694),
    (3, 1746534309020, 27000, 2, 27000, 390),
    (5, 1746658996020, 30000, 5, 30000, 330),
    (1, 1746583843020, 8000, 3, 8000, 208),
    (3, 1746465323020, 15000, 6, 15000, 888),
    (2, 1746701649020, 10000, 6, 10000, 429),
    (4, 1746513202020, 36000, 2, 36000, 350),
    (2, 1746607540020, 12000, 5, 12000, 882),
    (5, 1746512355020, 5000, 10, 5000, 512),
    (1, 1746604857020, 4000, 7, 4000, 110),
    (3, 1746630180020, 27000, 2, 27000, 930),
    (5, 1746601662020, 20000, 7, 20000, 102),
    (1, 1746459611020, 1000, 10, 1000, 134),
    (4, 1746539448020, 36000, 2, 36000, 462),
    (2, 1746508436020, 2000, 10, 2000, 901),
    (1, 1746598089020, 7000, 4, 7000, 679),
    (3, 1746510647020, 9000, 8, 9000, 984),
    (5, 1746689639020, 45000, 2, 45000, 990),
    (1, 1746634817020, 8000, 3, 8000, 411),
    (4, 1746651594020, 40000, 1, 40000, 147),
    (5, 1746629385020, 25000, 6, 25000, 166),
    (5, 1746489844020, 50000, 1, 50000, 891),
    (1, 1746490141020, 2000, 9, 2000, 317),
    (2, 1746701504020, 10000, 6, 10000, 737),
    (2, 1746607996020, 8000, 7, 8000, 348),
    (4, 1746541176020, 32000, 3, 32000, 53),
    (1, 1746460711020, 4000, 7, 4000, 109),
    (1, 1746449014020, 6000, 5, 6000, 321),
    (4, 1746485303020, 28000, 4, 28000, 881),
    (1, 1746527818020, 8000, 3, 8000, 482),
    (1, 1746537251020, 6000, 5, 6000, 305),
    (1, 1746655679020, 1000, 10, 1000, 121),
    (1, 1746480702020, 6000, 5, 6000, 619),
    (1, 1746526701020, 3000, 8, 3000, 103),
    (1, 1746675632020, 9000, 2, 9000, 774),
    (2, 1746487195020, 18000, 2, 18000, 707),
    (1, 1746691388020, 9000, 2, 9000, 925),
    (1, 1746490809020, 8000, 3, 8000, 105),
    (3, 1746667983020, 15000, 6, 15000, 659),
    (3, 1746489171020, 21000, 4, 21000, 657),
    (3, 1746460164020, 9000, 8, 9000, 239),
    (3, 1746506697020, 6000, 9, 6000, 4),
    (5, 1746589752020, 40000, 3, 40000, 642),
    (2, 1746450787020, 14000, 4, 14000, 421),
    (3, 1746528124020, 18000, 5, 18000, 732),
    (2, 1746578123020, 8000, 7, 8000, 725),
    (3, 1746487709020, 27000, 2, 27000, 534),
    (4, 1746669636020, 4000, 10, 4000, 39),
    (1, 1746636744020, 1000, 10, 1000, 311),
    (1, 1746525136020, 8000, 3, 8000, 72),
    (3, 1746640977020, 24000, 3, 24000, 360),
    (2, 1746697800020, 4000, 9, 4000, 617),
    (2, 1746509536020, 20000, 1, 20000, 159),
    (5, 1746498167020, 5000, 10, 5000, 14),
    (2, 1746541868020, 18000, 2, 18000, 448),
    (2, 1746618315020, 20000, 1, 20000, 950),
    (4, 1746675695020, 32000, 3, 32000, 407),
    (1, 1746681782020, 1000, 10, 1000, 498),
    (2, 1746491315020, 4000, 9, 4000, 7),
    (3, 1746508557020, 12000, 7, 12000, 682),
    (4, 1746577857020, 28000, 4, 28000, 920),
    (3, 1746574531020, 27000, 2, 27000, 634),
    (3, 1746658241020, 15000, 6, 15000, 867),
    (3, 1746564993020, 21000, 4, 21000, 681),
    (2, 1746631717020, 12000, 5, 12000, 917),
    (2, 1746498088020, 18000, 2, 18000, 13),
    (4, 1746580787020, 28000, 4, 28000, 272),
    (4, 1746527020020, 4000, 10, 4000, 54),
    (5, 1746700907020, 45000, 2, 45000, 509),
    (4, 1746678893020, 32000, 3, 32000, 7),
    (3, 1746654237020, 24000, 3, 24000, 220),
    (1, 1746496264020, 10000, 1, 10000, 239),
    (2, 1746636928020, 14000, 4, 14000, 582),
    (1, 1746658556020, 3000, 8, 3000, 266),
    (3, 1746673202020, 24000, 3, 24000, 278),
    (5, 1746483447020, 30000, 5, 30000, 278),
    (4, 1746679216020, 32000, 3, 32000, 748),
    (1, 1746467254020, 10000, 1, 10000, 599),
    (5, 1746489015020, 30000, 5, 30000, 258),
    (1, 1746452267020, 2000, 9, 2000, 475),
    (1, 1746671480020, 9000, 2, 9000, 52),
    (4, 1746579328020, 32000, 3, 32000, 289),
    (5, 1746518177020, 25000, 6, 25000, 411),
    (3, 1746553924020, 3000, 10, 3000, 703),
    (5, 1746535448020, 15000, 8, 15000, 625),
    (1, 1746611875020, 5000, 6, 5000, 170),
    (3, 1746544261020, 30000, 1, 30000, 742),
    (3, 1746610647020, 12000, 7, 12000, 281),
    (3, 1746702661020, 24000, 3, 24000, 102),
    (5, 1746618932020, 45000, 2, 45000, 906),
    (2, 1746682902020, 20000, 1, 20000, 95),
    (3, 1746619725020, 9000, 8, 9000, 514),
    (5, 1746682336020, 20000, 7, 20000, 994),
    (1, 1746600659020, 5000, 6, 5000, 976),
    (5, 1746667161020, 20000, 7, 20000, 573),
    (4, 1746539623020, 32000, 3, 32000, 984),
    (5, 1746659914020, 35000, 4, 35000, 277),
    (3, 1746653109020, 24000, 3, 24000, 508),
    (5, 1746570144020, 50000, 1, 50000, 653),
    (4, 1746478730020, 28000, 4, 28000, 941),
    (3, 1746550534020, 9000, 8, 9000, 76),
    (1, 1746567210020, 5000, 6, 5000, 74),
    (5, 1746523135020, 25000, 6, 25000, 403),
    (4, 1746580194020, 32000, 3, 32000, 712),
    (5, 1746468863020, 5000, 10, 5000, 749),
    (3, 1746631197020, 18000, 5, 18000, 154),
    (2, 1746464417020, 12000, 5, 12000, 239),
    (5, 1746474519020, 25000, 6, 25000, 274),
    (3, 1746624519020, 15000, 6, 15000, 669),
    (4, 1746515108020, 12000, 8, 12000, 565),
    (3, 1746480399020, 12000, 7, 12000, 642),
    (3, 1746510449020, 27000, 2, 27000, 715),
    (4, 1746593136020, 36000, 2, 36000, 135),
    (2, 1746565010020, 14000, 4, 14000, 723),
    (2, 1746585009020, 8000, 7, 8000, 505),
    (5, 1746589585020, 15000, 8, 15000, 163),
    (1, 1746481308020, 4000, 7, 4000, 72),
    (1, 1746512108020, 8000, 3, 8000, 535),
    (3, 1746645442020, 9000, 8, 9000, 895),
    (4, 1746519638020, 8000, 9, 8000, 808),
    (3, 1746701328020, 24000, 3, 24000, 769),
    (1, 1746489588020, 7000, 4, 7000, 916),
    (2, 1746534494020, 18000, 2, 18000, 853),
    (4, 1746559192020, 20000, 6, 20000, 782),
    (2, 1746590414020, 18000, 2, 18000, 741),
    (3, 1746463584020, 3000, 10, 3000, 738),
    (2, 1746701856020, 20000, 1, 20000, 900),
    (5, 1746688880020, 30000, 5, 30000, 726),
    (2, 1746595503020, 20000, 1, 20000, 949),
    (5, 1746576159020, 50000, 1, 50000, 592),
    (5, 1746637489020, 35000, 4, 35000, 390),
    (2, 1746522222020, 18000, 2, 18000, 721),
    (4, 1746516315020, 28000, 4, 28000, 34),
    (5, 1746669364020, 20000, 7, 20000, 69),
    (1, 1746700129020, 5000, 6, 5000, 188),
    (3, 1746481077020, 15000, 6, 15000, 554),
    (2, 1746699860020, 8000, 7, 8000, 978),
    (2, 1746665604020, 6000, 8, 6000, 785),
    (1, 1746631625020, 3000, 8, 3000, 551),
    (1, 1746588313020, 4000, 7, 4000, 195),
    (5, 1746680838020, 30000, 5, 30000, 148),
    (4, 1746623870020, 36000, 2, 36000, 746),
    (1, 1746679248020, 3000, 8, 3000, 942),
    (2, 1746592221020, 12000, 5, 12000, 926),
    (3, 1746667841020, 24000, 3, 24000, 394),
    (5, 1746610175020, 35000, 4, 35000, 828),
    (5, 1746479434020, 20000, 7, 20000, 514),
    (3, 1746584203020, 6000, 9, 6000, 901),
    (5, 1746516791020, 30000, 5, 30000, 698),
    (1, 1746554027020, 6000, 5, 6000, 173),
    (2, 1746681634020, 14000, 4, 14000, 597),
    (2, 1746451435020, 14000, 4, 14000, 263),
    (1, 1746672361020, 7000, 4, 7000, 928),
    (5, 1746503683020, 20000, 7, 20000, 890),
    (4, 1746524894020, 4000, 10, 4000, 577),
    (4, 1746613192020, 20000, 6, 20000, 793),
    (2, 1746558758020, 20000, 1, 20000, 864),
    (2, 1746462234020, 12000, 5, 12000, 539),
    (3, 1746477975020, 12000, 7, 12000, 639),
    (5, 1746527437020, 25000, 6, 25000, 956),
    (4, 1746588960020, 24000, 5, 24000, 794),
    (1, 1746619274020, 9000, 2, 9000, 24),
    (4, 1746469216020, 24000, 5, 24000, 997),
    (4, 1746510809020, 16000, 7, 16000, 921),
    (1, 1746613023020, 3000, 8, 3000, 366),
    (2, 1746462276020, 4000, 9, 4000, 223),
    (2, 1746654243020, 16000, 3, 16000, 467),
    (1, 1746607939020, 8000, 3, 8000, 44),
    (4, 1746464591020, 36000, 2, 36000, 753),
    (3, 1746518978020, 27000, 2, 27000, 668),
    (1, 1746598284020, 4000, 7, 4000, 317),
    (1, 1746534205020, 9000, 2, 9000, 748),
    (2, 1746605719020, 14000, 4, 14000, 998),
    (1, 1746466709020, 7000, 4, 7000, 505),
    (4, 1746689191020, 20000, 6, 20000, 756),
    (4, 1746472340020, 40000, 1, 40000, 433),
    (4, 1746553813020, 36000, 2, 36000, 336),
    (2, 1746510348020, 14000, 4, 14000, 981),
    (1, 1746521849020, 7000, 4, 7000, 954),
    (2, 1746599375020, 16000, 3, 16000, 584),
    (2, 1746612017020, 8000, 7, 8000, 74),
    (3, 1746683329020, 30000, 1, 30000, 744),
    (4, 1746617094020, 20000, 6, 20000, 328),
    (3, 1746506282020, 3000, 10, 3000, 157),
    (4, 1746527206020, 20000, 6, 20000, 556),
    (4, 1746693154020, 40000, 1, 40000, 773),
    (1, 1746551172020, 6000, 5, 6000, 816),
    (5, 1746480236020, 10000, 9, 10000, 68),
    (3, 1746567267020, 3000, 10, 3000, 324),
    (4, 1746536061020, 40000, 1, 40000, 510),
    (2, 1746636091020, 20000, 1, 20000, 294),
    (5, 1746672135020, 15000, 8, 15000, 962),
    (2, 1746481717020, 10000, 6, 10000, 554),
    (5, 1746571692020, 35000, 4, 35000, 129),
    (5, 1746605523020, 15000, 8, 15000, 292),
    (4, 1746635306020, 24000, 5, 24000, 658),
    (5, 1746529403020, 30000, 5, 30000, 14),
    (3, 1746611371020, 15000, 6, 15000, 738),
    (5, 1746553934020, 50000, 1, 50000, 92),
    (1, 1746612072020, 4000, 7, 4000, 285),
    (3, 1746510512020, 27000, 2, 27000, 858),
    (4, 1746494243020, 12000, 8, 12000, 780),
    (3, 1746584718020, 21000, 4, 21000, 677),
    (1, 1746478800020, 9000, 2, 9000, 715),
    (3, 1746627640020, 12000, 7, 12000, 983),
    (3, 1746460240020, 12000, 7, 12000, 270),
    (3, 1746612318020, 18000, 5, 18000, 899),
    (2, 1746489415020, 14000, 4, 14000, 272),
    (1, 1746492838020, 7000, 4, 7000, 125),
    (3, 1746613270020, 12000, 7, 12000, 678),
    (2, 1746701448020, 16000, 3, 16000, 608),
    (4, 1746687964020, 36000, 2, 36000, 161),
    (4, 1746461571020, 24000, 5, 24000, 223),
    (4, 1746586258020, 32000, 3, 32000, 992),
    (2, 1746500883020, 20000, 1, 20000, 574),
    (3, 1746692601020, 30000, 1, 30000, 627),
    (3, 1746650879020, 27000, 2, 27000, 439),
    (5, 1746539065020, 35000, 4, 35000, 993),
    (4, 1746516705020, 16000, 7, 16000, 940),
    (2, 1746500769020, 14000, 4, 14000, 880),
    (4, 1746617264020, 8000, 9, 8000, 533),
    (4, 1746461141020, 4000, 10, 4000, 306),
    (2, 1746589679020, 2000, 10, 2000, 634),
    (2, 1746458289020, 2000, 10, 2000, 331),
    (1, 1746589239020, 6000, 5, 6000, 871),
    (5, 1746663190020, 50000, 1, 50000, 853),
    (4, 1746700508020, 8000, 9, 8000, 966),
    (5, 1746591037020, 45000, 2, 45000, 768),
    (2, 1746669863020, 2000, 10, 2000, 758),
    (2, 1746574739020, 14000, 4, 14000, 466),
    (3, 1746491894020, 30000, 1, 30000, 161),
    (5, 1746488655020, 25000, 6, 25000, 986),
    (1, 1746701883020, 10000, 1, 10000, 146),
    (3, 1746529940020, 30000, 1, 30000, 833),
    (1, 1746504007020, 7000, 4, 7000, 427),
    (2, 1746541369020, 18000, 2, 18000, 395),
    (1, 1746624543020, 3000, 8, 3000, 366),
    (3, 1746662020020, 18000, 5, 18000, 198),
    (1, 1746656578020, 6000, 5, 6000, 762),
    (4, 1746688442020, 36000, 2, 36000, 87),
    (2, 1746471171020, 4000, 9, 4000, 300),
    (4, 1746671492020, 32000, 3, 32000, 610),
    (4, 1746673188020, 28000, 4, 28000, 921),
    (1, 1746466375020, 10000, 1, 10000, 299),
    (1, 1746649824020, 7000, 4, 7000, 950),
    (3, 1746646747020, 27000, 2, 27000, 560),
    (1, 1746580259020, 5000, 6, 5000, 120),
    (4, 1746642578020, 40000, 1, 40000, 764),
    (1, 1746652425020, 5000, 6, 5000, 30),
    (3, 1746635793020, 30000, 1, 30000, 1),
    (1, 1746547009020, 6000, 5, 6000, 800),
    (2, 1746558338020, 18000, 2, 18000, 994),
    (1, 1746452835020, 6000, 5, 6000, 949),
    (5, 1746534696020, 15000, 8, 15000, 975),
    (3, 1746530881020, 3000, 10, 3000, 718),
    (2, 1746626838020, 20000, 1, 20000, 254),
    (3, 1746633319020, 27000, 2, 27000, 619),
    (3, 1746638925020, 6000, 9, 6000, 111),
    (5, 1746448905020, 30000, 5, 30000, 422),
    (1, 1746632095020, 5000, 6, 5000, 695),
    (1, 1746473615020, 1000, 10, 1000, 556),
    (4, 1746620965020, 20000, 6, 20000, 834),
    (3, 1746674259020, 27000, 2, 27000, 101),
    (3, 1746654183020, 27000, 2, 27000, 569),
    (2, 1746701554020, 12000, 5, 12000, 290),
    (2, 1746545139020, 4000, 9, 4000, 719),
    (2, 1746627519020, 16000, 3, 16000, 470),
    (1, 1746498390020, 7000, 4, 7000, 881),
    (5, 1746678275020, 40000, 3, 40000, 528),
    (1, 1746610282020, 3000, 8, 3000, 958),
    (5, 1746635246020, 45000, 2, 45000, 803),
    (5, 1746590226020, 15000, 8, 15000, 33),
    (3, 1746689002020, 3000, 10, 3000, 765),
    (4, 1746595652020, 36000, 2, 36000, 73),
    (2, 1746457326020, 16000, 3, 16000, 299),
    (5, 1746633215020, 35000, 4, 35000, 953),
    (3, 1746615086020, 18000, 5, 18000, 479),
    (2, 1746587453020, 8000, 7, 8000, 452),
    (4, 1746680709020, 16000, 7, 16000, 403),
    (1, 1746687591020, 2000, 9, 2000, 815),
    (5, 1746541002020, 5000, 10, 5000, 324),
    (1, 1746679289020, 9000, 2, 9000, 755),
    (4, 1746496814020, 20000, 6, 20000, 312),
    (2, 1746469444020, 6000, 8, 6000, 659),
    (5, 1746506813020, 10000, 9, 10000, 127),
    (2, 1746469652020, 10000, 6, 10000, 215),
    (2, 1746455503020, 10000, 6, 10000, 90),
    (3, 1746707066020, 9000, 8, 9000, 973),
    (3, 1746531330020, 30000, 1, 30000, 223),
    (4, 1746463177020, 16000, 7, 16000, 34),
    (2, 1746707199020, 18000, 2, 18000, 824),
    (1, 1746632899020, 7000, 4, 7000, 523),
    (5, 1746579322020, 20000, 7, 20000, 262),
    (1, 1746668482020, 3000, 8, 3000, 986),
    (1, 1746469740020, 4000, 7, 4000, 148),
    (1, 1746466881020, 4000, 7, 4000, 366),
    (1, 1746576116020, 9000, 2, 9000, 45),
    (2, 1746521915020, 16000, 3, 16000, 603),
    (2, 1746516329020, 14000, 4, 14000, 621),
    (2, 1746604753020, 2000, 10, 2000, 377),
    (3, 1746662131020, 18000, 5, 18000, 525),
    (1, 1746696706020, 2000, 9, 2000, 804),
    (2, 1746509772020, 6000, 8, 6000, 86),
    (3, 1746603516020, 12000, 7, 12000, 229),
    (2, 1746558890020, 12000, 5, 12000, 277),
    (1, 1746585708020, 2000, 9, 2000, 342),
    (2, 1746566979020, 16000, 3, 16000, 651),
    (5, 1746692744020, 50000, 1, 50000, 372),
    (4, 1746634235020, 8000, 9, 8000, 228),
    (4, 1746670100020, 12000, 8, 12000, 418),
    (3, 1746689573020, 6000, 9, 6000, 238),
    (2, 1746690726020, 16000, 3, 16000, 69),
    (5, 1746529530020, 20000, 7, 20000, 129),
    (2, 1746678201020, 6000, 8, 6000, 108),
    (4, 1746571481020, 20000, 6, 20000, 385),
    (4, 1746489731020, 40000, 1, 40000, 629),
    (1, 1746536534020, 1000, 10, 1000, 19),
    (3, 1746494498020, 3000, 10, 3000, 698),
    (5, 1746473042020, 30000, 5, 30000, 442),
    (4, 1746657815020, 28000, 4, 28000, 59),
    (5, 1746512309020, 35000, 4, 35000, 292),
    (3, 1746656669020, 27000, 2, 27000, 391),
    (5, 1746665501020, 25000, 6, 25000, 993),
    (2, 1746628334020, 14000, 4, 14000, 447),
    (1, 1746650754020, 9000, 2, 9000, 881),
    (2, 1746680469020, 8000, 7, 8000, 668),
    (3, 1746488213020, 18000, 5, 18000, 790),
    (3, 1746514440020, 3000, 10, 3000, 13),
    (4, 1746570056020, 16000, 7, 16000, 155),
    (2, 1746599817020, 8000, 7, 8000, 936),
    (1, 1746580852020, 6000, 5, 6000, 724),
    (1, 1746645883020, 3000, 8, 3000, 716),
    (3, 1746503960020, 3000, 10, 3000, 378),
    (5, 1746593808020, 20000, 7, 20000, 483),
    (5, 1746533935020, 10000, 9, 10000, 574),
    (5, 1746580417020, 45000, 2, 45000, 287),
    (4, 1746674074020, 16000, 7, 16000, 915),
    (4, 1746501185020, 4000, 10, 4000, 42),
    (4, 1746507455020, 40000, 1, 40000, 30),
    (1, 1746674832020, 1000, 10, 1000, 361),
    (1, 1746650093020, 2000, 9, 2000, 441),
    (2, 1746695327020, 8000, 7, 8000, 693),
    (1, 1746560549020, 4000, 7, 4000, 827),
    (3, 1746590275020, 6000, 9, 6000, 338),
    (2, 1746679857020, 16000, 3, 16000, 258),
    (4, 1746528206020, 12000, 8, 12000, 976),
    (2, 1746684232020, 6000, 8, 6000, 226),
    (5, 1746672220020, 15000, 8, 15000, 704),
    (1, 1746650648020, 6000, 5, 6000, 609),
    (1, 1746695288020, 3000, 8, 3000, 56),
    (1, 1746675327020, 5000, 6, 5000, 929),
    (2, 1746643985020, 6000, 8, 6000, 856),
    (1, 1746621768020, 2000, 9, 2000, 508),
    (2, 1746634913020, 8000, 7, 8000, 105),
    (3, 1746578995020, 15000, 6, 15000, 117),
    (5, 1746650296020, 5000, 10, 5000, 324),
    (3, 1746626752020, 30000, 1, 30000, 468),
    (2, 1746575451020, 10000, 6, 10000, 458),
    (2, 1746655802020, 20000, 1, 20000, 260),
    (3, 1746511118020, 30000, 1, 30000, 690),
    (3, 1746566081020, 24000, 3, 24000, 865),
    (3, 1746572616020, 12000, 7, 12000, 782),
    (2, 1746581636020, 18000, 2, 18000, 990),
    (2, 1746679568020, 18000, 2, 18000, 351),
    (2, 1746508815020, 16000, 3, 16000, 274),
    (5, 1746571092020, 5000, 10, 5000, 227),
    (4, 1746638172020, 16000, 7, 16000, 513),
    (4, 1746599423020, 12000, 8, 12000, 80),
    (1, 1746684138020, 10000, 1, 10000, 821),
    (2, 1746673881020, 10000, 6, 10000, 846),
    (3, 1746504210020, 9000, 8, 9000, 991),
    (3, 1746689800020, 15000, 6, 15000, 509),
    (2, 1746525603020, 20000, 1, 20000, 502),
    (1, 1746575099020, 8000, 3, 8000, 854),
    (3, 1746473135020, 15000, 6, 15000, 590),
    (1, 1746505383020, 5000, 6, 5000, 661),
    (3, 1746632704020, 3000, 10, 3000, 678),
    (2, 1746640127020, 12000, 5, 12000, 328),
    (1, 1746652439020, 3000, 8, 3000, 673),
    (1, 1746610596020, 5000, 6, 5000, 824),
    (5, 1746466269020, 10000, 9, 10000, 254),
    (3, 1746467958020, 24000, 3, 24000, 320),
    (3, 1746589541020, 30000, 1, 30000, 549),
    (4, 1746604707020, 4000, 10, 4000, 619),
    (5, 1746473671020, 20000, 7, 20000, 398),
    (3, 1746588873020, 30000, 1, 30000, 971),
    (5, 1746459133020, 5000, 10, 5000, 471),
    (1, 1746627413020, 10000, 1, 10000, 326),
    (2, 1746584503020, 12000, 5, 12000, 138),
    (4, 1746558079020, 4000, 10, 4000, 466),
    (2, 1746603925020, 6000, 8, 6000, 834),
    (1, 1746473152020, 2000, 9, 2000, 767),
    (4, 1746686576020, 16000, 7, 16000, 549),
    (2, 1746576794020, 18000, 2, 18000, 688),
    (2, 1746573417020, 18000, 2, 18000, 486),
    (5, 1746683886020, 10000, 9, 10000, 202),
    (2, 1746528074020, 14000, 4, 14000, 566),
    (1, 1746656096020, 6000, 5, 6000, 9),
    (5, 1746584432020, 20000, 7, 20000, 459),
    (1, 1746619945020, 8000, 3, 8000, 568),
    (5, 1746529066020, 35000, 4, 35000, 620),
    (2, 1746635339020, 18000, 2, 18000, 642),
    (1, 1746560463020, 5000, 6, 5000, 314),
    (1, 1746675813020, 2000, 9, 2000, 791),
    (2, 1746575473020, 10000, 6, 10000, 380),
    (5, 1746537436020, 40000, 3, 40000, 703),
    (1, 1746546966020, 5000, 6, 5000, 443),
    (4, 1746552174020, 16000, 7, 16000, 143),
    (1, 1746575221020, 8000, 3, 8000, 432),
    (4, 1746500442020, 40000, 1, 40000, 23),
    (4, 1746529281020, 12000, 8, 12000, 436),
    (1, 1746491087020, 9000, 2, 9000, 202),
    (2, 1746487988020, 20000, 1, 20000, 780),
    (1, 1746601553020, 8000, 3, 8000, 807),
    (2, 1746478222020, 18000, 2, 18000, 137),
    (5, 1746675720020, 5000, 10, 5000, 602),
    (1, 1746551857020, 1000, 10, 1000, 791),
    (4, 1746529292020, 32000, 3, 32000, 771),
    (3, 1746659867020, 6000, 9, 6000, 4),
    (5, 1746543186020, 25000, 6, 25000, 689);


create table `payments`
(
    `amount`        bigint not null,
    `create_millis` bigint not null,
    `order_id`      bigint not null,
    `payment_id`    bigint auto_increment primary key
);

create table `coupons`
(
    `is_active`     bit     not null,
    `type`          tinyint not null,
    `coupon_id`     bigint auto_increment primary key,
    `create_millis` bigint  not null,
    `expiry_millis` bigint  not null,
    `update_millis` bigint  not null,
    `user_id`       bigint  not null,
    `value`         bigint  not null,
    check (`type` between 0 and 1)
);


CREATE TABLE `popularises` (
   `popularity_id` BIGINT AUTO_INCREMENT PRIMARY KEY,
   `product_id`    BIGINT       NOT NULL,
   `product_name`  VARCHAR(255) NOT NULL,
   `rank`          INT          NOT NULL,
   `total_order`   INT          NOT NULL,
   `update_mills`  BIGINT       NOT NULL
);